{
  "IcoMoonType": "selection",
  "icons": [
    {
      "icon": {
        "paths": [
          "M877.714 512c0 242.286-196.571 438.857-438.857 438.857s-438.857-196.571-438.857-438.857 196.571-438.857 438.857-438.857 438.857 196.571 438.857 438.857z"
        ],
        "attrs": [
          {}
        ],
        "width": 878,
        "isMulticolor": false,
        "isMulticolor2": false,
        "tags": [
          "circle"
        ],
        "grid": 14
      },
      "attrs": [
        {}
      ],
      "properties": {
        "order": 1,
        "id": 0,
        "prevSize": 28,
        "code": 59648,
        "name": "circle"
      },
      "setIdx": 0,
      "setId": 4,
      "iconIdx": 0
    },
    {
      "icon": {
        "paths": [
          "M512 682c46 0 86 40 86 86s-40 86-86 86-86-40-86-86 40-86 86-86zM512 426c46 0 86 40 86 86s-40 86-86 86-86-40-86-86 40-86 86-86zM512 342c-46 0-86-40-86-86s40-86 86-86 86 40 86 86-40 86-86 86z"
        ],
        "attrs": [
          {}
        ],
        "isMulticolor": false,
        "isMulticolor2": false,
        "tags": [
          "more_vert"
        ],
        "grid": 24
      },
      "attrs": [
        {}
      ],
      "properties": {
        "order": 1,
        "id": 0,
        "prevSize": 24,
        "code": 59649,
        "name": "more_vert"
      },
      "setIdx": 1,
      "setId": 3,
      "iconIdx": 0
    }
  ],
  "height": 1024,
  "metadata": {
    "name": "icomoon"
  },
  "preferences": {
    "showGlyphs": true,
    "showQuickUse": true,
    "showQuickUse2": true,
    "showSVGs": true,
    "fontPref": {
      "prefix": "icon-",
      "metadata": {
        "fontFamily": "icomoon",
        "majorVersion": 1,
        "minorVersion": 0
      },
      "metrics": {
        "emSize": 1024,
        "baseline": 6.25,
        "whitespace": 50
      },
      "embed": false,
      "showSelector": true
    },
    "imagePref": {
      "prefix": "icon-",
      "png": true,
      "useClassSelector": true,
      "color": 0,
      "bgColor": 16777215,
      "classSelector": ".icon"
    },
    "historySize": 50,
    "showCodes": true,
    "gridSize": 16
  }
}